{
    "kioskColor": "#A1A199",
    "totalPanels": 12,
    "firstPanelIndex": 1,
    "seperatorBackgroundImageURL": "KioskRessources/KioskPanelSeparator_FrCA.jpg",
    "panels": [
        {
            "backgroundImageURL": "KioskRessources/Kiosk 02 - Public Sector Innovation/Kiosk_02_LeftPanel_FrCA.jpg",
            "contentItems": [
                {
                    "descriptionIconImageURL": "KioskRessources/Card Icons/WhatWeOffer.png",
                    "description": "Ce que nous offrons",
                    "linkURL": "Docs/PSI/VK_2_Fr.pdf",
                    "contentItemPosition": [
                        -45,
                        199
                    ],
                    "contentItemSize": [
                        88,
                        88
                    ]
                },
                {
                    "descriptionIconImageURL": "KioskRessources/Card Icons/HowDoWeWork.png",
                    "description": "Comment travaillons-nous?",
                    "linkURL": "Docs/PSI/VK_3_Fr.pdf",
                    "contentItemPosition": [
                        50,
                        175
                    ],
                    "contentItemSize": [
                        88,
                        88
                    ]
                }
            ]
        },
        {
            "backgroundImageURL": "KioskRessources/Kiosk 02 - Public Sector Innovation/Kiosk_02_CentralPanel_FrCA.jpg",
            "titlePanelImageURL": "KioskRessources/Kiosk 02 - Public Sector Innovation/Kiosk_02_CentralPanel_Title_FrCA.jpg",
            "titlePanelCoordinates": [
                0,
                0
            ],
            "contentItems": [
                {
                    "descriptionIconImageURL": "KioskRessources/Card Icons/WhoWeAre.png",
                    "description": "Qui sommes nous?",
                    "linkURL": "Docs/PSI/VK_1_Fr.pdf",
                    "contentItemPosition": [
                        0,
                        183
                    ],
                    "contentItemSize": [
                        88,
                        88
                    ]
                }
            ]
        },
        {
            "backgroundImageURL": "KioskRessources/Kiosk 02 - Public Sector Innovation/Kiosk_02_RightPanel_FrCA.jpg",
            "contentItems": [
                {
                    "descriptionIconImageURL": "KioskRessources/Card Icons/Explore.png",
                    "description": "Explorez quelques de nos projets!",
                    "linkURL": "Docs/PSI/VK_4_Fr.pdf",
                    "contentItemPosition": [
                        -47.5,
                        174
                    ],
                    "contentItemSize": [
                        88,
                        88
                    ]
                },
                {
                    "descriptionIconImageURL": "KioskRessources/Card Icons/LessonsLearned.png",
                    "description": "Leçons tirées des projets de démonstration",
                    "linkURL": "Docs/PSI/VK_5_Fr.pdf",
                    "contentItemPosition": [
                        42.5,
                        222.5
                    ],
                    "contentItemSize": [
                        88,
                        88
                    ]
                }
            ]
        }
    ]
}
