{
    "kioskColor": "#A1A199",
    "totalPanels": 12,
    "firstPanelIndex": 1,
    "seperatorBackgroundImageURL": "KioskRessources/KioskPanelSeparator_FrCA.jpg",
    "panels": [
        {
            "backgroundImageURL": "KioskRessources/Kiosk 03 - Executive Learning/Kiosk_03_LeftPanel_FrCA.jpg",
            "contentItems": [
                {
                    "descriptionIconImageURL": "KioskRessources/Card Icons/About.png",
                    "description": "À propos du programme",
                    "linkURL": "Docs/EL/ELDP_Fr.pdf",
                    "contentItemPosition": [
                        -42,
                        89.5
                    ],
                    "contentItemSize": [
                        83,
                        51
                    ]
                },
                {
                    "descriptionIconImageURL": "KioskRessources/Card Icons/OverviewLearningEX.png",
                    "description": "Survol des occasions d’apprentissage pour les cadres",
                    "linkURL": "Docs/EL/EL_Placemat_Fr.pdf",
                    "contentItemPosition": [
                        42.5,
                        131
                    ],
                    "contentItemSize": [
                        83,
                        51
                    ]
                },
                {
                    "descriptionIconImageURL": "KioskRessources/Card Icons/Roadmap.png",
                    "description": "Feuille de route d'apprentissage -  cohorte 6",
                    "linkURL": "Docs/EL/Cohort_6_Learning_Roadmap_Fr.pdf",
                    "contentItemPosition": [
                        -42.5,
                        149.5
                    ],
                    "contentItemSize": [
                        83,
                        66
                    ]
                },
                {
                    "descriptionIconImageURL": "KioskRessources/Card Icons/Learning.png",
                    "description": "Apprentissage SMA",
                    "linkURL": "Docs/EL/ADM_Learning_Fr.pdf",
                    "contentItemPosition": [
                        58,
                        206.5
                    ],
                    "contentItemSize": [
                        53,
                        65
                    ]
                },
                {
                    "descriptionIconImageURL": "KioskRessources/Card Icons/LearningPath.png",
                    "description": "Parcours d’apprentissage pour les cadres",
                    "linkURL": "https://www.csps-efpc.gc.ca/exdev-fra.aspx",
                    "contentItemPosition": [
                        -22,
                        259
                    ],
                    "contentItemSize": [
                        124,
                        37
                    ]
                }
            ]
        },
        {
            "backgroundImageURL": "KioskRessources/Kiosk 03 - Executive Learning/Kiosk_03_CentralPanel_FrCA.jpg",
            "titlePanelImageURL": "KioskRessources/Kiosk 03 - Executive Learning/Kiosk_03_CentralPanel_Title_FrCA.jpg",
            "titlePanelCoordinates": [
                0,
                0
            ],
            "contentItems": [
                {
                    "descriptionIconImageURL": "KioskRessources/Card Icons/Subscribe.png",
                    "description": "Abonnez-vous à la mise à jour mensuelle d’Apprentissage pour les cadres",
                    "linkURL": "mailto:csps.executivelearning-apprentissagepourlescadres.efpc@canada.ca?subject=Subscribe me to the Learning for Executives monthly update / Abonnez-moi à la mise à jour mensuelle d’Apprentissage pour les cadres",
                    "contentItemPosition": [
                        0,
                        158.5
                    ],
                    "contentItemSize": [
                        168,
                        45.5
                    ]
                },
                {
                    "descriptionIconImageURL": "KioskRessources/Card Icons/Podcast.png",
                    "description": "Soyez à l’écoute de la série de balados Comment survivre comme cadre",
                    "linkURL": "https://www.csps-efpc.gc.ca/podcasts/index-fra.aspx#surv",
                    "contentItemPosition": [
                        0,
                        250
                    ],
                    "contentItemSize": [
                        50,
                        50
                    ]
                },
                {
                    "descriptionIconImageURL": "KioskRessources/Card Icons/Twitter.png",
                    "description": "Suivez-nous sur Twitter",
                    "linkURL": "https://twitter.com/Ecole_GC",
                    "contentItemPosition": [
                        -47,
                        250
                    ],
                    "contentItemSize": [
                        50,
                        50
                    ]
                },
                {
                    "descriptionIconImageURL": "KioskRessources/Card Icons/ContactUs.png",
                    "description": "Envoyez-nous un courriel",
                    "linkURL": "mailto:csps.executivelearning-apprentissagepourlescadres.efpc@canada.ca",
                    "contentItemPosition": [
                        47,
                        250
                    ],
                    "contentItemSize": [
                        50,
                        50
                    ]
                }
            ]
        },
        {
            "backgroundImageURL": "KioskRessources/Kiosk 03 - Executive Learning/Kiosk_03_RightPanel_FrCA.jpg",
            "contentItems": [
                {
                    "descriptionIconImageURL": "KioskRessources/Card Icons/CSPSlogo.png",
                    "description": "Le programme à l’intention des nouveaux directeurs devient virtuel!",
                    "linkURL": "https://www.csps-efpc.gc.ca/Catalogue/programs/new-directors-fra.aspx",
                    "contentItemPosition": [
                        42.5,
                        72
                    ],
                    "contentItemSize": [
                        84,
                        58.5
                    ]
                },
                {
                    "descriptionIconImageURL": "KioskRessources/Card Icons/CSPSlogo.png",
                    "description": "Le programme des directeurs généraux devient virtuel!",
                    "linkURL": "https://www.csps-efpc.gc.ca/Catalogue/programs/directors-general-fra.aspx",
                    "contentItemPosition": [
                        -42.5,
                        142.5
                    ],
                    "contentItemSize": [
                        84,
                        58.5
                    ]
                },
                {
                    "descriptionIconImageURL": "KioskRessources/Card Icons/CSPSlogo.png",
                    "description": "Balados mensuelles de 30 minutes mettant en vedette des leaders engageants.",
                    "linkURL": "https://www.csps-efpc.gc.ca/events/executalk/index-fra.aspx",
                    "contentItemPosition": [
                        0,
                        229
                    ],
                    "contentItemSize": [
                        168,
                        56
                    ]
                }
            ]
        }
    ]
}
