{
    "kioskColor": "#A1A199",
    "totalPanels": 12,
    "firstPanelIndex": 1,
    "seperatorBackgroundImageURL": "KioskRessources/KioskPanelSeparator_FrCA.jpg",
    "panels": [
        {
            "backgroundImageURL": "KioskRessources/Kiosk 04 - Data Community/Kiosk_04_LeftPanel_FrCA.jpg",
            "contentItems": [
                {
                    "descriptionIconImageURL": "KioskRessources/Card Icons/AnnualDataConference.png",
                    "description": "Conférence annuelle du Gouvernement du canada sur les données",
                    "linkURL": "Docs/DC/GC_Data_Conference_Info_Sheet_Fr.pdf",
                    "contentItemPosition": [
                        0,
                        181
                    ],
                    "contentItemSize": [
                        145,
                        85
                    ]
                }
            ]
        },
        {
            "backgroundImageURL": "KioskRessources/Kiosk 04 - Data Community/Kiosk_04_CentralPanel_FrCA.jpg",
            "titlePanelImageURL": "KioskRessources/Kiosk 04 - Data Community/Kiosk_04_CentralPanel_Title_FrCA.jpg",
            "titlePanelCoordinates": [
                0,
                0
            ],
            "contentItems": [
                {
                    "descriptionIconImageURL": "KioskRessources/Card Icons/DataCommunity.png",
                    "description": "Bureau de la communauté de partenariat sur les données",
                    "linkURL": "Docs/DC/Data_CoP_Office_Fr.pdf",
                    "contentItemPosition": [
                        0,
                        128
                    ],
                    "contentItemSize": [
                        148.5,
                        87
                    ]
                },
                {
                    "descriptionIconImageURL": "KioskRessources/Card Icons/DataCommunity.png",
                    "description": "Napperon de la Communauté des données",
                    "linkURL": "Docs/DC/Data_Community_Placemat_Fr.pdf",
                    "contentItemPosition": [
                        0,
                        217
                    ],
                    "contentItemSize": [
                        148.5,
                        87
                    ]
                }
            ]
        },
        {
            "backgroundImageURL": "KioskRessources/Kiosk 04 - Data Community/Kiosk_04_RightPanel_FrCA.jpg",
            "contentItems": [
                {
                    "descriptionIconImageURL": "KioskRessources/Card Icons/Youtube.png",
                    "description": "Première journée: Conférence sur les données 2020",
                    "linkURL": "https://www.youtube.com/watch?v=t8EFzsGdVV8",
                    "contentItemPosition": [
                        3.5,
                        100
                    ],
                    "contentItemSize": [
                        145,
                        85
                    ]
                },
                {
                    "descriptionIconImageURL": "KioskRessources/Card Icons/Youtube.png",
                    "description": "Deuxième Journée: Conférence sur les données 2020",
                    "linkURL": "https://www.youtube.com/watch?v=F75jLl5rDus",
                    "contentItemPosition": [
                        3.5,
                        200
                    ],
                    "contentItemSize": [
                        145,
                        85
                    ]
                }
            ]
        }
    ]
}
