{
    "kioskColor": "#A1A199",
    "totalPanels": 12,
    "firstPanelIndex": 1,
    "seperatorBackgroundImageURL": "KioskRessources/KioskPanelSeparator_EnCA.jpg",
    "panels": [
        {
            "backgroundImageURL": "KioskRessources/Kiosk 02 - Public Sector Innovation/Kiosk_02_LeftPanel_EnCA.jpg",
            "contentItems": [
                {
                    "descriptionIconImageURL": "KioskRessources/Card Icons/WhatWeOffer.png",
                    "description": "What we offer",
                    "linkURL": "Docs/PSI/VK_2_En.pdf",
                    "contentItemPosition": [
                        -45,
                        199
                    ],
                    "contentItemSize": [
                        88,
                        88
                    ]
                },
                {
                    "descriptionIconImageURL": "KioskRessources/Card Icons/HowDoWeWork.png",
                    "description": "How do we work?",
                    "linkURL": "Docs/PSI/VK_3_En.pdf",
                    "contentItemPosition": [
                        50,
                        163
                    ],
                    "contentItemSize": [
                        88,
                        88
                    ]
                }
            ]
        },
        {
            "backgroundImageURL": "KioskRessources/Kiosk 02 - Public Sector Innovation/Kiosk_02_CentralPanel_EnCA.jpg",
            "titlePanelImageURL": "KioskRessources/Kiosk 02 - Public Sector Innovation/Kiosk_02_CentralPanel_Title_EnCA.jpg",
            "titlePanelCoordinates": [
                0,
                0
            ],
            "contentItems": [
                {
                    "descriptionIconImageURL": "KioskRessources/Card Icons/WhoWeAre.png",
                    "description": "Who are we?",
                    "linkURL": "Docs/PSI/VK_1_En.pdf",
                    "contentItemPosition": [
                        0,
                        183
                    ],
                    "contentItemSize": [
                        88,
                        88
                    ]
                }
            ]
        },
        {
            "backgroundImageURL": "KioskRessources/Kiosk 02 - Public Sector Innovation/Kiosk_02_RightPanel_EnCA.jpg",
            "contentItems": [
                {
                    "descriptionIconImageURL": "KioskRessources/Card Icons/Explore.png",
                    "description": "Explore our Projects !",
                    "linkURL": "Docs/PSI/VK_4_En.pdf",
                    "contentItemPosition": [
                        -47.5,
                        174
                    ],
                    "contentItemSize": [
                        88,
                        88
                    ]
                },
                {
                    "descriptionIconImageURL": "KioskRessources/Card Icons/LessonsLearned.png",
                    "description": "Demonstration Projects Lessons Learned",
                    "linkURL": "Docs/PSI/VK_5_En.pdf",
                    "contentItemPosition": [
                        42.5,
                        222.5
                    ],
                    "contentItemSize": [
                        88,
                        88
                    ]
                }
            ]
        }
    ]
}
